/*
 Navicat Premium Data Transfer

 Source Server         : local_mysql
 Source Server Type    : MySQL
 Source Server Version : 50717
 Source Host           : localhost:3306
 Source Schema         : scdb

 Target Server Type    : MySQL
 Target Server Version : 50717
 File Encoding         : 65001

 Date: 28/12/2018 23:10:42
*/

SET NAMES utf8mb4;
SET FOREIGN_KEY_CHECKS = 0;

-- ----------------------------
-- Table structure for admin
-- ----------------------------
DROP TABLE IF EXISTS `admin`;
CREATE TABLE `admin`  (
  `ano` char(12) CHARACTER SET utf8 COLLATE utf8_bin NOT NULL,
  `aname` varchar(8) CHARACTER SET utf8 COLLATE utf8_bin NOT NULL,
  `password` varchar(128) CHARACTER SET utf8 COLLATE utf8_bin NOT NULL,
  PRIMARY KEY (`ano`) USING BTREE
) ENGINE = InnoDB CHARACTER SET = utf8 COLLATE = utf8_bin ROW_FORMAT = Dynamic;

-- ----------------------------
-- Records of admin
-- ----------------------------
INSERT INTO `admin` VALUES ('admin', '陈立纪', '60c6975954301af450eed2dae92f7a5482c00ea35866592b287814d05f3f3e8c65842f472bcaa73e86e0a450fb9f08186db5d45cb16631fb6f0bdfd2909b0963');

-- ----------------------------
-- Table structure for course
-- ----------------------------
DROP TABLE IF EXISTS `course`;
CREATE TABLE `course`  (
  `cno` char(6) CHARACTER SET utf8 COLLATE utf8_general_ci NOT NULL,
  `cname` varchar(50) CHARACTER SET utf8 COLLATE utf8_general_ci NULL DEFAULT NULL,
  `cpno` char(6) CHARACTER SET utf8 COLLATE utf8_general_ci NULL DEFAULT NULL,
  `ccredit` smallint(2) NULL DEFAULT NULL,
  `cnum` int(3) NULL DEFAULT NULL,
  PRIMARY KEY (`cno`) USING BTREE
) ENGINE = InnoDB CHARACTER SET = utf8 COLLATE = utf8_general_ci ROW_FORMAT = Dynamic;

-- ----------------------------
-- Records of course
-- ----------------------------
INSERT INTO `course` VALUES ('0', '无', '0', 0, 0);
INSERT INTO `course` VALUES ('1', '语文', '1', 10, 10);
INSERT INTO `course` VALUES ('2', '数学', '1', 10, 1);
INSERT INTO `course` VALUES ('3', '物理', '1', 1, 50);

-- ----------------------------
-- Table structure for department
-- ----------------------------
DROP TABLE IF EXISTS `department`;
CREATE TABLE `department`  (
  `dno` char(6) CHARACTER SET utf8 COLLATE utf8_general_ci NOT NULL,
  `dname` varchar(30) CHARACTER SET utf8 COLLATE utf8_general_ci NOT NULL,
  `dmanager` varchar(8) CHARACTER SET utf8 COLLATE utf8_general_ci NULL DEFAULT NULL,
  PRIMARY KEY (`dname`) USING BTREE,
  INDEX `FK_dep_tea`(`dmanager`) USING BTREE,
  CONSTRAINT `FK_dep_tea` FOREIGN KEY (`dmanager`) REFERENCES `teacher` (`tname`) ON DELETE RESTRICT ON UPDATE RESTRICT
) ENGINE = InnoDB CHARACTER SET = utf8 COLLATE = utf8_general_ci ROW_FORMAT = Dynamic;

-- ----------------------------
-- Records of department
-- ----------------------------
INSERT INTO `department` VALUES ('1', '数学大院', '陈胜');
INSERT INTO `department` VALUES ('2', '文学大院', 'dva');
INSERT INTO `department` VALUES ('3', '物理大院', '王大夜');

-- ----------------------------
-- Table structure for sct
-- ----------------------------
DROP TABLE IF EXISTS `sct`;
CREATE TABLE `sct`  (
  `sno` char(12) CHARACTER SET utf8 COLLATE utf8_general_ci NOT NULL,
  `cno` char(6) CHARACTER SET utf8 COLLATE utf8_general_ci NOT NULL,
  `tno` char(8) CHARACTER SET utf8 COLLATE utf8_general_ci NOT NULL,
  `grade` int(4) NULL DEFAULT NULL,
  PRIMARY KEY (`sno`, `cno`, `tno`) USING BTREE,
  INDEX `FK_sct_teacher`(`tno`) USING BTREE,
  INDEX `FK_sct_course`(`cno`) USING BTREE,
  INDEX `FK_sct_student`(`sno`) USING BTREE,
  CONSTRAINT `FK_sct_course` FOREIGN KEY (`cno`) REFERENCES `course` (`cno`) ON DELETE CASCADE ON UPDATE CASCADE,
  CONSTRAINT `FK_sct_student` FOREIGN KEY (`sno`) REFERENCES `student` (`sno`) ON DELETE CASCADE ON UPDATE CASCADE,
  CONSTRAINT `FK_sct_teacher` FOREIGN KEY (`tno`) REFERENCES `teacher` (`tno`) ON DELETE CASCADE ON UPDATE CASCADE
) ENGINE = InnoDB CHARACTER SET = utf8 COLLATE = utf8_general_ci ROW_FORMAT = Dynamic;

-- ----------------------------
-- Records of sct
-- ----------------------------
INSERT INTO `sct` VALUES ('201801011001', '1', '10011002', 100);
INSERT INTO `sct` VALUES ('201801011001', '2', '10011001', 60);
INSERT INTO `sct` VALUES ('201801011001', '3', '10011002', NULL);
INSERT INTO `sct` VALUES ('201801011002', '1', '10011001', 55);
INSERT INTO `sct` VALUES ('201801011003', '2', '10011001', 60);

-- ----------------------------
-- Table structure for student
-- ----------------------------
DROP TABLE IF EXISTS `student`;
CREATE TABLE `student`  (
  `sno` char(12) CHARACTER SET utf8 COLLATE utf8_general_ci NOT NULL,
  `sname` varchar(8) CHARACTER SET utf8 COLLATE utf8_bin NOT NULL,
  `ssex` char(1) CHARACTER SET utf8 COLLATE utf8_general_ci NOT NULL,
  `sage` int(4) NOT NULL,
  `sdept` varchar(30) CHARACTER SET utf8 COLLATE utf8_general_ci NOT NULL,
  `password` varchar(128) CHARACTER SET utf8 COLLATE utf8_general_ci NOT NULL,
  PRIMARY KEY (`sno`) USING BTREE,
  INDEX `FK_student_dep`(`sdept`) USING BTREE,
  CONSTRAINT `FK_student_dep` FOREIGN KEY (`sdept`) REFERENCES `department` (`dname`) ON DELETE CASCADE ON UPDATE CASCADE
) ENGINE = InnoDB CHARACTER SET = utf8 COLLATE = utf8_general_ci ROW_FORMAT = Dynamic;

-- ----------------------------
-- Records of student
-- ----------------------------
INSERT INTO `student` VALUES ('201801011001', '张三', '男', 13, '数学大院', '590c6774aa0a44cb49dd28d18392073042ea6e55933c20fffe6365fb98f68463465933a92fbdbaf0bb508da71e015747c6c5459494ce182d2b8369f2ce657c9d');
INSERT INTO `student` VALUES ('201801011002', '小明', '男', 15, '数学大院', '68a7a673c1c165c6186cb773d237098c51ba13910094130655e52c335f04bd28049847a518170970912e6b36b364e57a36963b2248f94033b2fd742f4670f6ad');
INSERT INTO `student` VALUES ('201801011003', '李武', '女', 22, '数学大院', '63103e0515918ae82ddff0b6707c7182a16ae2a17d683dde10fdd3d40605250bdafc9a688fdea5f991f5996b8d84362f606ac361f6bc5a560d34c15ad66da102');
INSERT INTO `student` VALUES ('201801011004', '小红', '女', 15, '数学大院', '2ba2d639191e1f18cc22499801966767b4cb15fdccb927d0431e2db3ef72358e0b8747353654fdeb7b1328c6284c875ff6420f145d7274d8172cc102d2137200');
INSERT INTO `student` VALUES ('201801011005', '门致弘', '男', 19, '数学大院', '859606c1af58a40ecac0ec53cec0cbad55f4d307b5bed1868ea556cddf259199be0a0449180d9788c5d3822a16a7750a3c2a583d646c853f36e75c7678ceb179');
INSERT INTO `student` VALUES ('201801011006', '晁芬晶', '女', 20, '数学大院', '8b187fed3b36445530b123c96176dd3f7f4026753e60eb0f521053e2826c8226deb7168c45b2dde771939b89104d5b8a6a72f8cd59bcf6fdb8ca387ca3014e32');
INSERT INTO `student` VALUES ('201801011007', '戴璐姣', '女', 15, '数学大院', '79cc6420609436e7546977ea58f4a5dcb5314d3e42296dfda7685d2c6aa1c4e6eac44b1ec129c371516b6d6a0bc3249147d724542ead9cd2718d77c63f567ce6');
INSERT INTO `student` VALUES ('201801011008', '袁进友', '男', 19, '数学大院', '7958b20638566359e6245ca790165c52b05386741f8eca181a94fb2eea55047ce0848cf3a551ed9638f9410450c7fb8426da3dfdf7a028ed1088f20ae4e740c0');
INSERT INTO `student` VALUES ('201801011009', '蔚丹', '女', 18, '数学大院', '3f4e92e08c3b5e2cd4da94eff148a46be96cc9f16d9d7819dce8178da3d543233941dae01229395855451782eca4775403016218ec7cb1fce2dfd2aba7060eb4');
INSERT INTO `student` VALUES ('201801011010', '孙达毅', '男', 21, '数学大院', '16d900f396e0aa9ab0073a45da0a244b9ab41b377f7592bc7078b77c5b3d3be363785c1bf9a361ac19e01a65cf421a605495ee1b6ca83fa5a1a19590c48795dd');
INSERT INTO `student` VALUES ('201801011011', '蒙瑞芳', '女', 22, '数学大院', '7a59fdbde1aa8f1a251d96de2ba8eb02f21cb362905db0f031061a0a6f3061e073a8d2b3ff2b280b8af6d08c38c4b3c55205c6189999170117a56d7fd6f1d42a');
INSERT INTO `student` VALUES ('201801011012', '慕进', '男', 17, '数学大院', 'd67977330e9d3469bd845e6cddf2208287fa6d95e7e6a267e8caa9bf32502170cc8f43af2e9347c360c57f157aee58cad249f740ab7abb8e81dbefc0c80efcf9');
INSERT INTO `student` VALUES ('201801011013', '田辰光', '男', 23, '数学大院', '387419790abba4a03778574ee9e86411d3e079a81ece8e9bb0d6461c4831247db6a400a9b019fbb8e330a3608cba11aca9a81887b6e8e2ccadc7b90c56eee527');
INSERT INTO `student` VALUES ('201801011014', '弓山', '男', 25, '数学大院', '7f55cdba7683a1e4e009301ebb2289a419cc3191ef65709bf6cd260c94361df5a9c67fd99165492242bdcf3cc72171877bd7b8f0ebf0c472d3d98be57afb65b5');
INSERT INTO `student` VALUES ('201801011015', '羿君', '女', 25, '数学大院', 'e0005b041f13dd11acc73363056607ec6fbe3efd338400c4d276a64392e3893fc663d8f0511c22a9a129f5f6b39033ba58cf57e6ad3f53ec56f7dbd4eccc3c98');
INSERT INTO `student` VALUES ('201801011016', '鄢清良', '男', 19, '数学大院', '1fcbd2fcf26b8736bdfcd4adc22737d92b1f0b339c9579b7f3ad1c912c12708d3db648296a719a9fa7e6e98b4c56fed924681aed6c03dfb76ceff92a67a73f96');
INSERT INTO `student` VALUES ('201801011017', '路良才', '男', 15, '数学大院', '8c4e7426dd790999edafd8ea037efef768ab55a11cff3ac655f6b26ecb5678cae89b3aba0395d15609e6deff39083daab150fd91a347640c0b6e2a0fa61c1f43');
INSERT INTO `student` VALUES ('201801011018', '钟树翰', '男', 17, '数学大院', '61d6c42ef027a266ca211d43954474983e6b8647104e5caf3adde44513dce02cf787ff99d27ae1a7d29a37bfca9d247cbff2bbaa10f5b11d2ee4ce897209e59b');
INSERT INTO `student` VALUES ('201801011019', '戈杰奇', '男', 17, '数学大院', 'b276d0c7a9542602bcd97e3c00620c47151b529a16318e7f691d4d70291523cb3611872b9dc4a544bbf153cdb9f280335557b7d562171cd0899327adc9f224b1');
INSERT INTO `student` VALUES ('201801011020', '邴强时', '男', 18, '数学大院', '223ac8976c2b9e3ee157339e8fd701e9ed3fc066e7038b009e0ad3d79ce6394198ce2950ddf80fdd8fb4927038fe34b5fee08b03780e7da5925f766d17574d2c');
INSERT INTO `student` VALUES ('201801011021', '于姣凤', '女', 22, '数学大院', 'd1e3fd3decdd1dc31842fe9e03da354a734d8cf6415c50be2bfb8c49a27d768ee1120ca66b35828cc81d837cd14d831d8f43af6e48813e9a2b565b4c7a7fe2c9');
INSERT INTO `student` VALUES ('201801011022', '公群', '男', 17, '数学大院', '29b7965efa4aa6cc9bc2dcbcf120a46107ed22137d86f71debb42820a205d5a9adfb93696ea8f6a84a196c5f613e62269950e1337f5be73ed34251aed96362f8');
INSERT INTO `student` VALUES ('201801011023', '訾娅美', '女', 23, '数学大院', '4a2b72c472b00ee6c1dc6443e255b09f784e46669833e15dae0df1f1b4389e0ab78ab8376732ffbbb295e34319635cc5c6e872d9cb2d991c85d47e7f007f359b');
INSERT INTO `student` VALUES ('201801011024', '冶凝', '女', 21, '数学大院', 'ce1bc5c65736e7e6602980fa185ad9581bd04751e2ec53632c6d7d2a3820b423cf2a5e6dfae1fa35f39d0859a039c16d041a8bb062162f04914cd551474cb7e9');
INSERT INTO `student` VALUES ('201801011025', '姜妍勤', '女', 15, '数学大院', '22c879548f8a861ff0b1e877574b58c51e4c77e5685c96cf4ba33715fd52c6139ed237fad9234f1dec7b46a362356d68726587ae21e02b28a0dce573b0b4a9a7');
INSERT INTO `student` VALUES ('201801011026', '百寒欣', '女', 15, '数学大院', '8570c8381e9dd2ec6602f0e2bdef8a9cf0513c01c3bb76529eabf489c356857f968ba72b17d5c67be44ed568cf8e77dc0616291e2c00d90a8d8fbbce1eb1d46a');
INSERT INTO `student` VALUES ('201801011027', '漆豪', '男', 22, '数学大院', '301334a166fb94a52a524e38c5f803e90b1c633eeff961d87dd8641e961736ec7a87d46a2c0da88ce31c92263308047d5c9a4f66728f52c273996f5fe059cdef');
INSERT INTO `student` VALUES ('201801011028', '汲固', '男', 21, '数学大院', '4763b64663faf372870cebdd8d9ea24a2dd53111e7e045df8e15682d8536f7c89524e7c052fd36ae03f1c2f07ad1b662556805b00b8feffb56b8de145c7c0711');
INSERT INTO `student` VALUES ('201801011029', '卜信承', '男', 15, '数学大院', '8743829ad96c82d8ec1ee5ad71ab5f8d0c46f58ea93fe55d42cddfd40b8f379a44d5df7a473c98441d624fb09447978283b6e1d71a93c000ad61c0a400c6dd0b');
INSERT INTO `student` VALUES ('201801011030', '诸军航', '男', 23, '数学大院', 'cb65dd0c800c7c0d8246b21d3f9a4fee8ee74a5030cb068f47e11df8fb477c593214f404acf78030d524b1596b88445b810208a17c3f880fb01f9a7cad933584');
INSERT INTO `student` VALUES ('201801011031', '边婵飘', '女', 24, '数学大院', '4432b42123bb452b6df6311dbd5ee3c34ba220cc850b8450595bdcc85bd2254ad011ed5317f646c54972860fa39bb62e68991cd9a588017cdb594f683e8ea5e4');
INSERT INTO `student` VALUES ('201801011032', '双锦锦', '女', 24, '数学大院', '5ccb0849b877fa365610657a47371609d5b63cfd83702f0e5a3dd57a3a6be0b84729a47093483f48df73bd11541f014907f5a80f45436fdbb655377b823647b1');
INSERT INTO `student` VALUES ('201801011033', '别裕斌', '男', 24, '数学大院', '4fc376f0627d034ca3fcc80c8650d3840a502631388ef68bc2e7376306f79f03e14ef7fe1995209595a5f1b15c1a567bad41a0d8f2ba1eee7b4f346b3fb5c9e5');
INSERT INTO `student` VALUES ('201801011034', '毛菁', '女', 18, '数学大院', 'c838209a27085f5f04fd7d39fd684aad4040bcd9e4de329335378a0ec1a41db25bcdb2e8b65ba877fa6e843539c5c6a3f8b97c5ff6bb665ba5a34a926c5de51f');
INSERT INTO `student` VALUES ('201801011035', '顾民', '男', 18, '数学大院', 'cf195ac7449842d0496499e2615250cb54ba5c375155e3f6586fef2d9843167725271e6ed19c527c864194dba5fd550f8b10b38e6381fea3868b4ac0fe4e716c');
INSERT INTO `student` VALUES ('201801011036', '严哲平', '男', 15, '数学大院', 'da594896725fbc395179a7493c0e7afb6e65cc788792e4852a69e2b2bf24f2d4cca473d2046015707fabbbc1631ae089862d9a76b49f60fb9e148e1d8407198f');
INSERT INTO `student` VALUES ('201801011037', '舌梁', '男', 24, '数学大院', '2492b596323342dad7415023687ad08c0ccb6224ea4671da8f9a8117b0ee0fa42b73dc9c2821826207817cd010a27eb10e709cc186e458f7e733937382a661ca');
INSERT INTO `student` VALUES ('201801011038', '双彬', '男', 24, '数学大院', 'f47ff1d2bb753fec1ce2265f8945f73117d2e9a40e4b6c5dc18719ff13f37cbfd9f320f1a6bb607f45f2dda914f50bd04b3b150ab9972ec5ea9082e842505499');
INSERT INTO `student` VALUES ('201801011039', '五岚', '女', 23, '数学大院', '3629f8ed648da51fcf289f98488eb1d5cb55665dfba97b0cb3a1d1a104005e8b1e1e1056e737e1b0035a214a94f197670e3902457aef8968395de8f416c7f588');
INSERT INTO `student` VALUES ('201801011040', '胥妹', '女', 17, '数学大院', '5d6c2b0b072c81fb5c682017b2b90af7e63afab506987d84cdc9a2316e3c3d8f120d4052b0cd7cb901a015b65e93505b2a81c55c4981f23e2f038302c667c74e');
INSERT INTO `student` VALUES ('201801011041', '邓茂彬', '男', 17, '数学大院', '269504b6babd83057149f90eb1f915cb0cc59d7083c4d86b11fc1f1e60b64b70946833d2fba11365ec78690f68d93038eb3f453742265c11ab4467fb79c53db4');
INSERT INTO `student` VALUES ('201801011042', '禄雪', '女', 19, '数学大院', '1881def122e434112f8e60a0365141a35ada6dd9ac514c23ac12d098c6f4db4312b2fb6b817e7903585786e9f06587bcaccd15d08886829d2c58c370e3f7c62f');
INSERT INTO `student` VALUES ('201801011043', '雍秀欣', '女', 16, '数学大院', '4b7d4399217ba6016fafb418046537c35b980b7374be6978a4489576c1987e78438783fcbd0e46957220fcb725da3c1653767323150e7ee5141087ad8dcd6236');
INSERT INTO `student` VALUES ('201801011044', '宣巧滢', '女', 20, '数学大院', '492e0b90725dbcb84bce3ffa3aa42015a79b356417313f9beb822a0e37d5d551b3379bf09edfbc45022ecbbffc586d85d615bf74bcd7f702fbc97685eeb4a637');
INSERT INTO `student` VALUES ('201801011045', '洪轮敬', '男', 16, '数学大院', '5a703dea2cf63a61c92df74c52c65c2ce1f35a75103626de75878c1f5b702860a17641f809beaeec4c43982a32dccbaaa6cc4d7a4d6aaef95664644867461f66');
INSERT INTO `student` VALUES ('201801011046', '朱政健', '男', 15, '数学大院', 'daee7f52f41f3c543573d246941881c363c66646b1ece12494c1f62510cf37739084964bfec38146a9dc877f2dc59302c1540ec6347db9e384ee0d7d16ba6d0f');
INSERT INTO `student` VALUES ('201801011047', '孙善有', '男', 25, '数学大院', '141de35197c9a1ebf5c9772d9b50cd70b18b64d0b41514dcb3187827d5ce83aa0edffb27943d101c532155e6e48a476ea8cad24ecb0c6beffd3cad6949586638');
INSERT INTO `student` VALUES ('201801011048', '臧菊菁', '女', 18, '数学大院', 'f69e6553c9c31aedfafbb0561e57a05907a23620a530e6bcff4e660be7ea34d1659ee392f4e8ad45b3e8dad845252f432b4c02b718a4c3f83dc92a3980bda39d');
INSERT INTO `student` VALUES ('201801011049', '洪风', '男', 16, '数学大院', '96295e01be824b7c568640b853f6c05eaef1fecbf41e7eb2204e69991ff3d74c1278c8fceda7445c56a5ef98eb935312d72dcead5fe4dcc77a4c175b0f1eb4e3');
INSERT INTO `student` VALUES ('201801011050', '五黛玉', '女', 22, '数学大院', '0c9066273722ce69bc6e32bf545bae02e8ad5d40bd6ae8f57a5e65ce5928a5d08404bb91efbdb78698dec433b5e6d37723d4ff6459a1c14241474f0fb6622e04');
INSERT INTO `student` VALUES ('201801011051', '从树世', '男', 21, '数学大院', 'c3f9a39c9dfaa3b780f75cbe381e947afa13500a4f89a046f0d887e929dc87cb356a65a099b28cc851d8960201054d8a034c61155a9645274ee213c84bcac234');
INSERT INTO `student` VALUES ('201801011052', '毕兴', '男', 24, '数学大院', 'a44052e28cc8a9e60f63cd07b4cf9657b83cffafb039937a4bf9e0410cee51ca8b424416227626d4221dd49e669d074380d340bf9a50bed0ef0ec394b23165ae');
INSERT INTO `student` VALUES ('201801011053', '桓萍', '女', 20, '数学大院', '0ffc7d2e7b02e3db64fb0a2ac4442e8dcd1764d5eaf34eeba72aad70a792f2cdd1275b9d51c8c0ea906dfb8aab949b55ddd5bb8b271e67bcc724c1076acba9a3');
INSERT INTO `student` VALUES ('201801011054', '时青', '女', 16, '数学大院', '8e9af48296ee1415d03ccadd1266fa6fef5719383529db1b2e71e520de4aca897ca6e9f1c22b9e4408182c8bdeedb8a661c358c1307b3706269346c9c04fdfae');
INSERT INTO `student` VALUES ('201801011055', '温光弘', '男', 16, '数学大院', '6ea067dc02d462416a7d916964446fe8d6eff0539ade3d17bd15cfb3c17a59f5576d70115e769f9968afe5005be2d0ccb907dd57f09c0660ec029272c8933358');
INSERT INTO `student` VALUES ('201801011056', '后环', '女', 20, '数学大院', '6d2ad36f94d496f1ad765f7fd4c5d61a2b15de13899cbf49f0784d70ed5058a5d1aa75dbca782dbe3fd2cd10e865c8828460b4cd33f13ba5f01151494c6ce60c');
INSERT INTO `student` VALUES ('201801011057', '晋爽茜', '女', 22, '数学大院', 'c29cb0860d1aca67e18236d190eea527c53094add094efcc4dd24873d6c724ec8d0e9d90f1aab3fbeae81889eec4f0216619debb9c3e0eb27a44fd24c3802491');
INSERT INTO `student` VALUES ('201801011058', '公榕', '男', 18, '数学大院', 'f202f49cda155f5f4f3b8c8f87daf0383f7342c04b0e97d6a3242f8172037e2747b445205c386482a4811c1f4cad8dd8f1cd2495aa68e6e72f688740fa285ea9');
INSERT INTO `student` VALUES ('201801011059', '空才', '男', 21, '数学大院', '48df344b60bd767836c8b46c068562b2eb43f488b842bdd66c46ba08396abbacb0394793aacabdaf11be2b5a22b1b523973ef27ce61afcbd374b66285419401d');
INSERT INTO `student` VALUES ('201801011060', '储黛荷', '女', 25, '数学大院', 'a31a8aff3cc5df7e61908d8c0ab389e17ffdb8a0ecb3a04d4f58dbd9426b017229735a4851163ce873426837229fef2fba6912915c2bc69d8f506b12ddaf2dbd');
INSERT INTO `student` VALUES ('201801011061', '亓珍琰', '女', 25, '数学大院', 'eed332306d1b75f335006b1c90f857b7400f98d65c83a35520547bd0eca87f54bd61ed02ce5466a22d18f0ed7c03bd83778a745bea475a9270193d657574195b');
INSERT INTO `student` VALUES ('201801011062', '孟冠仁', '男', 23, '数学大院', '3f24a195e852a28a3f24a0e1a3959af1e55f28bc926e6f3bda0c125c46cacd5f6295cf70cac0d52ef38f1cdb66bf2bce35a2a222c874703111257593b7a49dca');
INSERT INTO `student` VALUES ('201801011063', '屠惠', '女', 18, '数学大院', 'd9ecd335e454d783e1f98fd3a209e06fc2a8d639dc5730cab7d709d6036e57c9cb113fd7ceb8c4b0d393472a2dc683bd9d1b3e83912a2484763040b44e8d911f');
INSERT INTO `student` VALUES ('201801011064', '蒙羽', '女', 19, '数学大院', '0faee660cacea849c3a3345f37e726631ad3a9ced26b8a0d0ffe069f576f06f04293d14d7477524f49c13a19657576a2cf35ac96e1ddc6d49ea026518568ed0d');
INSERT INTO `student` VALUES ('201801011065', '冉春婕', '女', 16, '数学大院', '7f8291a05ed6d5ae3e0ba3e6d6bd395854cf280664ef2e3e89f98e1ed0349d36e488cbf4b31c6f4133b1c0d4ede455320d610c32703dae4caae494b5e7b2434a');
INSERT INTO `student` VALUES ('201801011066', '赏凡亚', '女', 17, '数学大院', '2328440050d2ef713821404d74f21a51a98b6587c3810bb843f5b436575942fbfd730e81d0eddce2bb9cc163e329c4706bf2eaa63e5e8cf6a036dfba1acf58c3');
INSERT INTO `student` VALUES ('201801011067', '项克', '男', 18, '数学大院', '579338c39d20a301b6a42ba98b78bd6899c2a2b90474d1537933076d5e796062169443cc7850f03bf905985ed97ba102a61f87d82e94b81246090a8c080599e0');
INSERT INTO `student` VALUES ('201801011068', '公轮', '男', 18, '数学大院', '3eeef5b13f44339dc9ce89c1cfa29a922edf7169225dec1ff96edf9f0bd1d3551f67112ae44d4b02b3a3d97c4980f4f905ec9dc30d26d44052eaa26633fdea69');
INSERT INTO `student` VALUES ('201801011069', '鞠俊', '男', 25, '数学大院', 'a4a656bd141530aadf82c726603c577fe1a964fdd467f75d2b09b1a9b83059428f717a9905b6ab6df681b658527f2dd1a4bea4e6c62d6a5152d18fd9a407361a');
INSERT INTO `student` VALUES ('201801011070', '方鸣利', '男', 22, '数学大院', '0b76b460e5bc333233d95b9767647c01b72908ef0c1baaf4418e278d3d623b44a55658240c9b66fbcc6d035980a34ed51208dcd89feccf6872ccbdb6b6e9b912');
INSERT INTO `student` VALUES ('201801011071', '池政', '男', 17, '数学大院', '8009ee8ec101ed8b54287615cd428df44c444d9c233e70c93b6d508920cd3182a178998966325656e2a942ac37d389daf322da8297941eb319fa2e2c15b57c7b');
INSERT INTO `student` VALUES ('201801011072', '温融', '女', 19, '数学大院', 'f04ec3d2ad05e137182050c29f5bf6fc2773c01ff5ea90abe21f3a8c90fbad73d1ae5085b9ed595f4ed8f22edcb4fa6169ecabc72874e1afe1a03b91c18c5fff');
INSERT INTO `student` VALUES ('201801011073', '韦康', '男', 23, '数学大院', '4d3ab29fce46345f9eb0d08e4e6382188b4da830aad45ec48102397b6cf2f16d10b0a5598b635988cd55916246ed32fcd442a3a29fcf6bc69c96120c5b84dfc7');
INSERT INTO `student` VALUES ('201801011074', '沈奇诚', '男', 16, '数学大院', '121d1c866d2e3fef09864f796cf077cf871e1588e8da415010382cc19e547d484c839c22c27b7de6dc7bb3de6329246c9ab87e057705cc348ecf40cd553dc0aa');
INSERT INTO `student` VALUES ('201801011075', '耿蓉桂', '女', 22, '数学大院', '35c1639f87ebcc2898b7894f9eaa6840529fdbea6687de225de3aba521b1d254d483d98ec73aa7fcbe34d3ac039edc3bb3acc7a9e60b152fd9be6c36da013b65');
INSERT INTO `student` VALUES ('201801011076', '向和', '男', 19, '数学大院', '05b83aaf216a41f05e17d61c85b2673abdce5a507b575ec43e2f598f74e07356da1c54429c5163de6bcd76f6684ca9c689969179d05e5c9065fe67d8e7a288ab');
INSERT INTO `student` VALUES ('201801011077', '况春琳', '女', 25, '数学大院', 'f61b9f6b7b86885ef39e65e65f1bd844478de4abdcf0c3f59aaa29f10364a03714835c71e4f0290569d6e670e068ac1998109e71e8f1681c2ada05b184214452');
INSERT INTO `student` VALUES ('201801011078', '姜山', '男', 20, '数学大院', '171445e1c7a14ba30540258c446c1c4c0fd54138fdadc133aa4c0e1fc9044a989ffe9f4590449d826e5abc7c0358113528df7cbe9707ef2e33e6b5d297d6809f');
INSERT INTO `student` VALUES ('201801011079', '濮霞', '女', 18, '数学大院', 'b096e1b4b3911dcf5119be1bf84a914fb22185764fcc1fc2995c0e446a791c7618d165fde36fbbe73dc1a56cfccf9af29947d1363a5db6650f2b0411a29eb0fd');
INSERT INTO `student` VALUES ('201801011080', '贡腾', '男', 21, '数学大院', '28cab49b71f3884af94ce412e33e4b265221fdecad1508e33c6994f302b6c841e2107262c7ab34ba447afad4f922a1ce469568858cf1d0c46762c61abde04be6');
INSERT INTO `student` VALUES ('201801011081', '罗和超', '男', 16, '数学大院', '9d9712384458128a336ea47856fc19876ed1894630e21be511da4132c59a6c1e02ce3edbb7b677739a851a55f9d3c4e1ac62f4025713792e9ba86e561bfa88fe');
INSERT INTO `student` VALUES ('201801011082', '盛宏哲', '男', 25, '数学大院', '5b3f4f14c4146cb2045a47fedade73de036cc66f4cfa8ebb0bb12c020ebbbb8ade4f810b48f16961e539bf5602b609975cb09db4fec2c70314c6e4960f38cb68');
INSERT INTO `student` VALUES ('201801011083', '诸梁炎', '男', 15, '数学大院', '1c4e0c0aa2d3eeb02ac0f93a42c6e597c6684773456ca16731a2937abbab8dd60e6b6b9648e015549b38e4ceb2a9442f3a9b0fe1c492fff346c6517badcd1062');
INSERT INTO `student` VALUES ('201801011084', '童勇', '男', 20, '数学大院', '6fc3417bc7c9789889a87bd4bd31c267d49436ee4c7454c66318837c1dd043be3e790ada8e64afe204cda98fbecb38e0675658e239a459f3598f5b0a67829747');
INSERT INTO `student` VALUES ('201801011085', '充之翰', '男', 17, '数学大院', 'bffbe40b0d1230144547bcffee4ea5003fb81b0497a4e7161ddde2c5caf7a73ff2dc700d75359cb2db040a6f85553bccb54c7ce11e3dd617a93c4c8e5a0fcbce');
INSERT INTO `student` VALUES ('201801011086', '鲜宜珊', '女', 15, '数学大院', '59fd7ec79817851b90f341638ecfa7905884e2ff5136d1fe99cb29bd2f257ca78c0a385ad2774407e54469b20c55262872f1f06e151a5feaf93ee5b0555e80db');
INSERT INTO `student` VALUES ('201801011087', '门辰', '男', 15, '数学大院', 'efed8bc50465ecd0acad3f528ef3cf1ced23ab46bd50f277ca562c10f388025b53fd98375823d2052d711308cbf2c813f63b1e185b2da16dd7410c3f24f2bc3a');
INSERT INTO `student` VALUES ('201801011088', '郭梅', '女', 15, '数学大院', 'c68859da60fea49db0bc0e1cf4dca5af515b8983dc9f65e01c99be93bfc99dc2919c76d297528368a65964f286e24fcc6c8d6acbbf493ce6ee775a6356045602');
INSERT INTO `student` VALUES ('201801011089', '全宁妍', '女', 20, '数学大院', 'a1e66152a253d57368002c8cde48ce33de97f1f0b52309dc62454e78c79974fc1a4643cbd903b168b063db236a98a10633250b2c411694e57e611dc0f78e92e0');
INSERT INTO `student` VALUES ('201801011090', '鲍鹏胜', '男', 15, '数学大院', 'b3dd9c260d4e66c8b2ed2daa5d464e1d26439418ef7ad83514336156e4fef2838b276369032f17302464cf04a936aab78cf67b9b8c5fc27463601dba63fd512f');
INSERT INTO `student` VALUES ('201801011091', '虞山胜', '男', 19, '数学大院', '0d1470b78eae09b320c398931fb26a6499be61c2abf267f57e4ad5d279a144b396a2a043434dce3ff7f232e848a05d582ba6c8a5406890da0d108817cae8cfb9');
INSERT INTO `student` VALUES ('201801011092', '廖发', '男', 18, '数学大院', 'ef52940035bc2bbf2850233d241967192785e4fde7d8e78491fe65681bca67aeeeb47bfe7f792637dc2db3123445dc6fce3e7b25f56989b1f05942a2d5749c7e');
INSERT INTO `student` VALUES ('201801011093', '曹德朋', '男', 19, '数学大院', '59467eba4a0322a2a77675e98da9a628a981835547a83af83bc0bcb1ded64284b3c2c169f14e26a8bbf52e2d1eb1f63db70f6c18bf4f6b89e28e8ff3bf2bb2d0');
INSERT INTO `student` VALUES ('201801011094', '查蓉', '女', 18, '数学大院', 'f22792dd8cdee3416cc9c00530443659dfe10e2c9cf6041c46373818186c54d480772f5636e79f3eb52bd52265331c72de8e40d5db87c4b2f281b893e14d10f5');
INSERT INTO `student` VALUES ('201801011095', '房荣娥', '女', 23, '数学大院', 'f3c6758811ac46d9e372a71b0878e3beff65f3fb9f5a62e4fa63b2f815c10fc870e1276c1f2cb9e9af9207032c99394ec03569b42fa1c53ae965031078acdb7e');
INSERT INTO `student` VALUES ('201801011096', '裘莺瑾', '女', 17, '数学大院', 'fa0399f37a5079b634f2788405362c1d8033ce15fe96f0dee27177b7d1d0e3670436f72356570d97b4ec7b6c3ab983127113d86e69ea3bdfa4e5c1a62326301e');
INSERT INTO `student` VALUES ('201801011097', '干生', '男', 23, '数学大院', 'cc2aff3a577c4b0dc804f5db60a8d9e621effdadbba2941aa082576da195bca214ae5e1c71a01a0d38545e5d7367b698f1542ebf39741bd32d8ca8e21d5cbf08');
INSERT INTO `student` VALUES ('201801011098', '孙维家', '男', 20, '数学大院', '58c67081363c9dac84212be6b4d6ff731461e1353e02a3254022f38986a7e3588cd7b9c928c2f45d42161975f962f7d230af97f03e86bf969c8676cd4d079d96');
INSERT INTO `student` VALUES ('201801011099', '盛婷', '女', 18, '数学大院', '39403d6b2e95cebc18b0689c5aa11ab4f7b5959b87d86668b9ec1d35cf7ded6d7f823e946c0c55e640f4be39a4afe557bca9ff395489c249181211e3ff8ff948');
INSERT INTO `student` VALUES ('201801011100', '鲍柔晓', '女', 15, '数学大院', '00b4e2ddd2e951596b458f8bc29f5e49a06dbef8088d6bbea2affca8b8861ee2404abd3b527ca5147d37b202a9b44fbddbe896b91df319dcd1d845d3db298a37');
INSERT INTO `student` VALUES ('201801011101', '咸广', '男', 22, '数学大院', 'ebd805b1f9a463286a3538f741b5e41f575789cad47ae900f6340c593159bf37325115daa9e1ee0f3e3b18158455a6b0d2bcff489984499752275d965bc96a35');
INSERT INTO `student` VALUES ('201801011102', '郦梦菊', '女', 24, '数学大院', '50d060734662ab872414bd7f55abbce2ce8eaf96b48dfe08eed9154a4bb3f512029e4bf5f212807e074e6fc392110ac189355fc0c793883b8a53d5f5a003586b');
INSERT INTO `student` VALUES ('201801011103', '苏之', '男', 22, '数学大院', 'c23c36abbf990adf79f898a7ed0800562659eab51c5544b82a5426ae5ea9a353b707206e4eef2848693068d0bf7ecb3cd794f43b87d2b2c99986b4a4dd1f9bfb');
INSERT INTO `student` VALUES ('201801011104', '祁菊萍', '女', 18, '数学大院', '5467a7031865c346751e8418f1100dc651ba22e1fa10a08d342d8d91511ed8e2e1ef72b19e13c0d1232a54c2879949d5a1a91a7f17fb07f0a7b40e75fad13398');
INSERT INTO `student` VALUES ('201801011105', '乜宁维', '男', 15, '数学大院', '86d8ea0135469c2da067a986341c814e5fa07f9f4171d0d48dcfcb0c4c8c5021b3c1ae9ed885014cde27dee4c2370f44847470a609886cce586e072ef29958f8');
INSERT INTO `student` VALUES ('201801011106', '父惠', '女', 15, '数学大院', '3a0035641332a56190324677642577a029b862e3614fb87486485b499a2810684b76d209e24ecd8d10d5b0c10d1201a1f827ffb2ead1b741640ec43b93aa7b80');
INSERT INTO `student` VALUES ('201801011201', '廖婷', '女', 23, '文学大院', '0941ffb447089c2b7547013705afc74da9d9386d3408131eab592496fe26f0033744443021a8ca9502fc9b1e2b7fe4b81143678945ccab84b8c070a2df7956c4');
INSERT INTO `student` VALUES ('201802011001', '充仪', '女', 23, '文学大院', '21d04e97f52cfd5dff93e894c959b5c449db72b01fc48b3a2bfe0873b651d819d614c7f62671f6e09441b1f714c231bc2cc3deb59310fe67962c7cee82faef5e');
INSERT INTO `student` VALUES ('201802011002', '商巧凤', '女', 17, '文学大院', '97d888fba583c19bf1fdb8c3ebdcca5ff16a634320e4536620eb17d391fe00f62fff1e3b3b1bfa7606dd6b16afa010c3713b0275b431b92c41e00d30467a2207');
INSERT INTO `student` VALUES ('201802011003', '霍锦', '女', 16, '文学大院', '4edc0ddeb269168f717c7ad4239ecc766302d5daecc63ed169d4c7f36e82b9ee33f827956b159df3dcfc58f8818e63dd7331d04b79a49866c68a2ab5b8ee6663');
INSERT INTO `student` VALUES ('201802011004', '秋腾栋', '男', 17, '文学大院', 'ed1d20dd561aea03af8646b91af96cbe16cd17fde8e20a146f28cb693e92128f600f9dbce4a8a8b918ef23630b5f363b770f7b63586d6d2ad9e860268872e43a');
INSERT INTO `student` VALUES ('201802011005', '门欢', '女', 19, '文学大院', 'c335e2631e1c58abde1f0b9a01721cfb4bbaccad1be1b7af54fab9315c48f62e069bb40a167370fbe2159053d828f303a48f291b8169aa984b464120c16d6756');
INSERT INTO `student` VALUES ('201802011006', '闾彬光', '男', 17, '文学大院', 'd757c0d36de0b86f9f32825fd5f887b4074b37051d962c86f5290c274e313691c43c790161154948b00acdd84da96787f6066657a5fa3ba355a6eb0b5de5963c');
INSERT INTO `student` VALUES ('201802011007', '秋胜胜', '男', 24, '文学大院', 'ac1e6556a340f42ee44faf24cac205de986a7f2695471f36e2c6bee48bf99a8c0104d45d93d9ced3105fed3e286ac082b1418bff503393a6de1b83c2cf36ce3d');
INSERT INTO `student` VALUES ('201802011008', '皮辰', '男', 15, '文学大院', '1c9ccb7feb95122498d79f3e81763c1b27c0fe6126290753351a078594eb17e8173b2f311852d6582ed83e9941bb6b6e91f6c5dbe4b0a0dae49c8624845bb94e');
INSERT INTO `student` VALUES ('201802011009', '仲梦环', '女', 18, '文学大院', '6bb0e5f9ef13bbcf0f11c2d0d1b2b5619180063c7be9a2233e7e72128d1dc879943f0e6ba939b928dcd3922277c5ed82907868dd3f2b76d210fa8a2a42566b33');
INSERT INTO `student` VALUES ('201802011010', '文兰', '女', 21, '文学大院', 'adb74afa74ef955a84ee94299911c7190a6a31de03f43c93dbf2639cbda7d2b2bed125f1ab95ec3691f46ed03816b359bc390e1601e683c5479068d8fe12f947');
INSERT INTO `student` VALUES ('201802011011', '皇武厚', '男', 19, '文学大院', '3df2b68dbf43e8e6c201c10f1738fc7e2337238615f333d5d5a18a9ca49f40c616c8bae0e6fe1d4c90d4ffad0551792789e38955e5a3647eca0f8f8d4d5023ec');
INSERT INTO `student` VALUES ('201802011012', '容言良', '男', 24, '文学大院', '19725fd33591aafda42d516326aef072166ed3624ac32de37a5acc34ddb3262fbfacce964a0448994f8228c9259ea31fd9cd113f4938c11de81f8a123a5ca655');
INSERT INTO `student` VALUES ('201802011013', '李婉芝', '女', 25, '文学大院', 'e9e4a8298ee48ab49417e03e1393910b606b95b9b18d97c5b32f3fd56fa7fa10fcdf528a980c10bff0a037c783f41672c9f1e613293a6dc74d07d7132584ab82');
INSERT INTO `student` VALUES ('201802011014', '温菲', '女', 23, '文学大院', '8fe56855d78c3238684375d1b5453c7138d7633260db8bb259ba860378022821b42798c0273e3bf666ba79e50ef35fa30d6234baf583bd08f58e0fab0337c43c');
INSERT INTO `student` VALUES ('201802011015', '弓菊茜', '女', 23, '文学大院', '4c9176bfea78daadaf12a0e00a797afd0d296486712036741cae9b6a3dd3c44201942a2014fd79927515b48befb137c49440ea5a90ea1706d98a7dfe29dd79e5');
INSERT INTO `student` VALUES ('201802011016', '宫荔怡', '女', 19, '文学大院', '53c9e71c075910f3f731b9587abf541a8214d2a165afdb483c83abcd369cd71296b542b6dceaf83cb87de18f2515c82b7e2637f2e797008492fe24e50de81622');
INSERT INTO `student` VALUES ('201802011017', '伏芝', '女', 23, '文学大院', 'e8965a0ae1bd97885af53e132dc8d00c7533e100a5053bf37d6345051003e3a11ac4a2f3ad95682cf06fe67c1c050a073360fe670ccf76e9888901a376d29719');
INSERT INTO `student` VALUES ('201802011018', '乌佳思', '女', 18, '文学大院', '207ed494ad4ee4abe5da923f42015f4cf5ba8eaba5d62dc4eedea536e8fddf2d821e9b8c2cead03d8db7558f907ce51b66a6a8c188a7ee546c27e65f39df8411');
INSERT INTO `student` VALUES ('201802011019', '南融', '女', 16, '文学大院', '5f76445bc307807081f080f9354d606b0d75c72adbb07db63e9393bf5105f4e27e8d2998cf0a3dd086dfd8632c7b58d727284d9f809c9d6a2afb559497871de8');
INSERT INTO `student` VALUES ('201802011020', '于晨', '男', 19, '文学大院', '478cfbc0ef56264bb83a5d0f7f8767f7ec3b7da63689dbf3b5480245e87587b95fbbd7cb513ffcdc9a3a42a6bc407a97f462c9b26c69fb92d35006f9e14affe7');
INSERT INTO `student` VALUES ('201802011021', '马坚', '男', 24, '文学大院', 'f6afe6bb78ebda02eb14ced59658aa958a4a8d81446d7ac46c61b09dfc0bf918bd198833aac597afd39cd2a31dc2e97aa947786bc021c49b63aa9175320dd2d9');
INSERT INTO `student` VALUES ('201802011022', '公冠伦', '男', 25, '文学大院', '9e1c84a55cf0dd25a5fb8ed0cb0724308674b5c3af9785f4ac44e9d3788a23c4524dd5c55fef99b4573d3cb66ccce81bb0e63d01671c6244c352819f73b41372');
INSERT INTO `student` VALUES ('201802011023', '有保', '男', 18, '文学大院', '5fe41752ed26c5cb109b31ad639622ea9300ded10bd5417688fa10436cef942be079e01d7dc10defc77c623f90924a351c924f81551e2e5eed348282430035cf');
INSERT INTO `student` VALUES ('201802011024', '孙惠珍', '女', 20, '文学大院', '037c54a7362e5b111e7c0dd6e6df5394713f18ad88c428e4fb0a35281f258c53ae90f1117715db3f0a985e1c18d3401db83f7ae04a1a7f32d680af062352457c');
INSERT INTO `student` VALUES ('201802011025', '赫平', '男', 17, '文学大院', 'f974ebfdfbb9104c5252e21b03620e65a0ccf868e50fd35f242370dfceabc9a4af4de6b4ae81c8ab153e13515c87035c8ce53f8716865e0528e7f2e325c9ece9');
INSERT INTO `student` VALUES ('201802011026', '弓娟霭', '女', 19, '文学大院', '81d0836dde6c57c620e7f97d40d01bef43c8c58a5cdc342af3b9075fac64bfd6b45e4d8223dea787256f68b94e4eab4d278c565ae759659636aad38ea89e4077');
INSERT INTO `student` VALUES ('201802011027', '江惠青', '女', 20, '文学大院', 'ec5d28a3d0929a61cd0076da27bdf72219814d54c8974d46e27d7335db0796a7bf69cd3b060a810ce3f1c1edfd15e5e737fd2b7d23360d16787db417e982ea93');
INSERT INTO `student` VALUES ('201802011028', '养浩', '男', 21, '文学大院', 'de06ba7a366d2d59c3da84e3476e15e661ad8cbd1aab1bf35ab22bb5b83bc654f49ef6a9cea0e1ab3dff17546f7efc4fd2b7a4f0a16682b77a54aec909efb605');
INSERT INTO `student` VALUES ('201802011029', '井盛斌', '男', 25, '文学大院', '4345617fc03ddcb6b654fcb3375d14558f8a300036554b3791ae36d996288dc4af3f91f63916e5b6ff7fa11d3e3852031758d46a30c8a0dd00e366597985dbf3');
INSERT INTO `student` VALUES ('201802011030', '冯炎庆', '男', 15, '文学大院', 'e1ba7f13ae62eaaec54d5f11d67eeb00fba18e243a272295de21acd084cd582172b7fd0ca9cc58cf15b3ac82705988a71e2da9a70c4b4839bcf2642b55719e1c');
INSERT INTO `student` VALUES ('201802011031', '晏达翔', '男', 23, '文学大院', 'de977e92691e3b06c5cebfc893b9464d5535170eedacd656888e286c78bf231545b27be8ef7c654124c5c2868bfd605d814ce14b39276448e6955978db9e204f');
INSERT INTO `student` VALUES ('201802011032', '茅嘉思', '女', 20, '文学大院', '7f6de3411da8dfa189876f486df08b70732690b85959ffffb053763fe070d4c0e9b918102839f387d0292c55fb230ae36237dafdc3d117d89aed62bd7acd0f52');
INSERT INTO `student` VALUES ('201802011033', '年韵馥', '女', 17, '文学大院', '7f4f2fa679dedbde2ec11acabad1f67b62cb0a953ba8cefdc3192d2b0d91627e1f7a2b92218364b69c34cdc38f3dbb4a9fcabe0a95c645974c14890e973994f6');
INSERT INTO `student` VALUES ('201802011034', '武勇中', '男', 18, '文学大院', '08f1e8311ff0d933fb134e379de880b9b43455708f37f48063e61fe38268f832614b8116ee85d4b57429fd59378db70f63f31a0004e48987a1f0443ebb3072c2');
INSERT INTO `student` VALUES ('201802011035', '姓若辉', '男', 15, '文学大院', '4d1cce3845881e2a14c32ea67eeec1e9479f20394f0cf52282bc580d4312747211971f242ee5d4f1f6e4ddecb31ba3389032171c8609f1afc641c38d9f3222ca');
INSERT INTO `student` VALUES ('201802011036', '左航', '男', 15, '文学大院', 'be1b5e9e94fd03b43f6c9f0de9ba285d0bcd76e7fb46b2bb1ea00a1f4d9b9680fde71feb09c93d815b98b5737d38c21cdc4d86d1becb5995cadf2db3c6e60838');
INSERT INTO `student` VALUES ('201802011037', '梁琛飞', '男', 17, '文学大院', 'b5830025c7e593e44a91a56f76f31561706cfe152d8561d22f0314ca7e1c2a7e67d0ad73d8ad5041e44199425f4a4ce9308b95e28b2ec53c354704da8ed60521');
INSERT INTO `student` VALUES ('201802011038', '申奇', '男', 21, '文学大院', 'bee112b7741839be01ec0445b3c84a737f137f038f4a0197b9fc8ff4b6ef182fa513c7d45b7206bdb18973c9b59b249e6323df65dc3dbd4e0e216e5a4cd49262');
INSERT INTO `student` VALUES ('201802011039', '潘聪', '女', 15, '文学大院', '7b8b2da8c95bd9ae645461114d2a94454c7683b4a268b4c005abdaf5777d59cd13d91d288081e0bc8eec7b208cf9781f1189905f7a628e349f43eb285d88c2fc');
INSERT INTO `student` VALUES ('201802011040', '父娣', '女', 17, '文学大院', 'd420af2ccdeae234da096470c4e16c0aee807e03cc87ab816d545c0806ccf94f4d7430f3d531d9ba986b1b914a409607c5f0048c667ca7fba52b2cc3cd1531ef');
INSERT INTO `student` VALUES ('201802011041', '谯丹颖', '女', 24, '文学大院', '68731032038403c6efbf8cf6a7a5ebcf99f91a7e19a26701bd17ea3b6d2e00843d1a7c8bee2c5340271b87f8df334b227477ca831f186ee87d4dcdef650511fe');
INSERT INTO `student` VALUES ('201802011042', '庞泰', '男', 25, '文学大院', 'c24305ad526fa1b713b2823c3cf93edda3b7cca107de48186a8e512767df0375bfc9588ea8a1f2d74798c34bed3096ee9a12e7c50f0b16e201a32055b1a6a227');
INSERT INTO `student` VALUES ('201802011043', '竺霄', '女', 21, '文学大院', '48c936098f623ec20ed15fd3438706060aa0f49e33b3c43b3ba1e2b09e01ce2681a713c286f39e677387e0eae604083505d9ad4d8dc0ca31331d3c00bfcb79ba');
INSERT INTO `student` VALUES ('201802011044', '甄芸锦', '女', 24, '文学大院', 'a64c068792e28a6b4664ffec56e7afba421abd28e530b8c5ae0aace738b806d29f83749f027480dbd613831176d0cf7b1a8dd576c0c0d7bc1839b3b5e0e4c644');
INSERT INTO `student` VALUES ('201802011045', '卞艺', '女', 24, '文学大院', 'f7258d123edb40e8cfcc86e3f7c52f3f2937eab0bfff0d8351ceabc82ae9cc686e955325bd0872924e027d459596196ff345100512b83042601aac479035c346');
INSERT INTO `student` VALUES ('201802011046', '巢惠贞', '女', 18, '文学大院', '6219f937321a53efcecf6dfa5b0878718412f3774231a05af811834a00c8b61b8c8cce80e669d85578f68a11744b39ea694cf30e68159a89d41513a635268627');
INSERT INTO `student` VALUES ('201802011047', '宿良时', '男', 17, '文学大院', 'ff611500019f906b6d81677f7d2a80f3e6bf7b2d0d0a624a0bda89b6f4d1f29c600157c31b6b2d5637eda40d0417fb0a05f2bcf865b0c5acdcd22c4d2336963b');
INSERT INTO `student` VALUES ('201802011048', '成娅', '女', 22, '文学大院', 'dd2b296f39eed4802667aedc89a325dda420549c0ff8aae7a07c2f04bf1a8c9259e5e52ce6bf214bb3c1e1dd690c68c3b412e472682a8b2a063567875b1c6164');
INSERT INTO `student` VALUES ('201802011049', '孙彬德', '男', 25, '文学大院', 'c10ecbec01978f066162ba7a994824d4c2af3dcb2632c8a2dc4c0bede1f13f872887e9d1fe2dfbad4075762efa25f5d87698b5270e1bdd754f048d10b55993f9');
INSERT INTO `student` VALUES ('201802011050', '崔芸韵', '女', 16, '文学大院', '9d045b57254f94cd663466efaf846df2e7e65c9fd4789ce1d12959b529552a7ceaa4a3f4faba080b6ad26cec55df06f5c31a193029c03358acc833b5987c0aa8');
INSERT INTO `student` VALUES ('201802011051', '孙伦', '男', 17, '文学大院', '0e08a96790519bbf73f9ff027942921072de734df18557d3b5193141ac4862dc764c10cfae94219f9fceceae8355c88afb817ed788f0bbc3cf2df0db4491fcb4');
INSERT INTO `student` VALUES ('201802011052', '西真云', '女', 22, '文学大院', '2f5565dcc109f06debecaa705e179dc7edc1b328bd8cb93f7399e60d1967ce6c8f281df67583e56c25991f1e02646850e8bf771658f8db11a3200ba5d1e1f1b1');
INSERT INTO `student` VALUES ('201802011053', '阙海', '男', 24, '文学大院', 'f88e1a8ad0e09a618bc994f12064e423218803633a481d856b72dacbc0bc4f59f911b25b3cfdf02e5e1d3ad2ad30eee2f242b6cf77088a6ae275f2d92933e12c');
INSERT INTO `student` VALUES ('201802011054', '佴利', '男', 22, '文学大院', 'd4c8f065dacb55e661618bdc59274bc93db9f30a036c305f3d40851910aa0adba2ee22b2ed70c304621231fc1ad2a7bb1a2cdb95e544017f7cba077d1900a4d6');
INSERT INTO `student` VALUES ('201802011055', '霍凡', '女', 22, '文学大院', '1abb07f4fc328c5f6dc37d1c8b0d22f2fb92e53c95daf5ab92c2cebedc0ca0683c57f3efe420d6ef3c3ab3ad62278c45ebd145a6061a6be7ad2a510dd4c2ccfd');
INSERT INTO `student` VALUES ('201802011056', '臧博', '男', 22, '文学大院', '9e7deed60317c4a2f55a3deddd9fa34a94cdcbe16a59c7a581052134fd9b84847031be5ab8e913eaf2a667518a9d3231965feccbe33aab4cefe1d8973b57590b');
INSERT INTO `student` VALUES ('201802011057', '官彬', '男', 25, '文学大院', 'd1e350f17170691cdd11174ae11b5c47bafa58723e04dffd8608b4724cfda91d9257b469d7748246e93f4e2af9aca9819259fec7442ad1a3811ad35561a9d894');
INSERT INTO `student` VALUES ('201802011058', '慕刚邦', '男', 17, '文学大院', 'fef53441c04b6a73378c54a7f39ad2ea81e51cfe650661dd881a7cb8e117c00c173a16a5bd1cd5c3aceee9266b365ba9dceb5d964250be0fb01f9ae0fc665404');
INSERT INTO `student` VALUES ('201802011059', '宣磊', '男', 21, '文学大院', '774fc3e1f021c5a094740b088be72dcf9e1208d8e4f30b4d2ca4c59d4f7182e0287ad870fdf64f99b4bdf822b951c645c774a04b128c7f2fab724cadd6ccc410');
INSERT INTO `student` VALUES ('201802011060', '诸思', '男', 23, '文学大院', '5ff52b3eac2e1094272879ba71403c8b76cb62143b34a3d9d0293d507224e01b8da9546edc3aa62b6cb7f3d9c9881c3736f160a45016e8cf2deba151aa90da01');
INSERT INTO `student` VALUES ('201802011061', '郁梦', '女', 21, '文学大院', 'd6a6e54ad71e4ecb4c07f4c9b2696f8f231593722e4525dea041d2c6cd54809921ac4121c0b35dc17f7e5dd64768050731771fa736a2397138f3e7b71a451cf8');
INSERT INTO `student` VALUES ('201802011062', '伏彩', '女', 18, '文学大院', '71c89323b538103e67805ca49fd877a8ab74c8d9a01dda069fe8437312676fa463085aa7e1957cf2af4204477bf30c634cf44525011a6c38649024e70bb486c1');
INSERT INTO `student` VALUES ('201802011063', '桑珍', '女', 24, '文学大院', '22affb846a700129c34411385be56511162d51d6b4e3a7815dd23a5b03c4a56b4d6de8fc32819a027bd160bfd073a970827750c199b55038bcdf60263cc9f01b');
INSERT INTO `student` VALUES ('201802011064', '白成', '男', 17, '文学大院', '6c944464372d9edc712eb716af3e3ee5f88c9cc1825c7b6be903793e0c67e3f6ade83a32db44b992ddb7df3016daaa3242b2bacb44ce0b1355ef4c7639bb2782');
INSERT INTO `student` VALUES ('201802011065', '栾兰', '女', 17, '文学大院', '9924d3a3369542e88eff95fcbd443edd750af2553670d56d51179691000338c46313f8395ea69db2316f8095c31c5d436d28b6e89782d7bb3403f7b779be7240');
INSERT INTO `student` VALUES ('201802011066', '劳茗', '女', 16, '文学大院', 'c8302ce2b2adec3b7dcb38890ee7d4d615fd3d77ff5caff8a3473221d6a159ed2ed3d8de9a68067c337f380e41684c81fa3c52cc69bbbc157a7e1ae591ae2b72');
INSERT INTO `student` VALUES ('201802011067', '谷思', '女', 18, '文学大院', 'a5ef4cf33ed7799ef4b382e1847216d1eb065931c8df9fbe59977da667d8cdf34d0a45ace2d661d61c9b1406ea093eac95b089a1b52edcff04a5298131e2beee');
INSERT INTO `student` VALUES ('201802011068', '夹会福', '男', 21, '文学大院', '2676eb7fb93e90a82fc14d8a5b93e9a669a37de44ee30bb99e5f02d69c60e2281227bc3c478a689eee2578194263a8374b6d007968721dbebe99930c29b2a0d0');
INSERT INTO `student` VALUES ('201802011069', '酆可', '女', 19, '文学大院', '4265954d75a4e4dce4eed364dc4f930ad1c6b77a124549b550396fc659121cb5a9617f60f785da1cee3937940a46c0dd686faddcd087274c7c8ae36564813854');
INSERT INTO `student` VALUES ('201802011070', '仰轮贵', '男', 21, '文学大院', '5028b0c1b997548182ad53e082016e5dacd8087c8d0c9090295b433d4e31c8077e618521deea9b0a340f994d3d0165efc8430a149df181f8364b2bce6db414e2');
INSERT INTO `student` VALUES ('201802011071', '申东', '男', 18, '文学大院', 'af12cd8ec96e4d2f77a0752945f7862306304c75a98c9570f5469c2f33d57a3855201a2e1442b3bf4c009c5da8b583398128c2d15633cb69d687c118afea03d5');
INSERT INTO `student` VALUES ('201802011072', '郁娥琰', '女', 25, '文学大院', 'fe08c16187dc4a1471cead7ac5e9572bf63f872ef3ba0f04dba070ff6bf495a5e15ce14d01b25cfe8e3b46a20d5dbacf1965a0b474eaf725a83fdf7eeb73c6e3');
INSERT INTO `student` VALUES ('201802011073', '法松厚', '男', 25, '文学大院', '00057431c3d382f06822f9d8b5c5e724e7232dbcaa8e351f3a60848467bb0049017bab2630c4653a3e01aabb8b2dfa938ec652e810fa0a6da09dbea282261fdc');
INSERT INTO `student` VALUES ('201802011074', '丘竹香', '女', 25, '文学大院', 'd2f541397bea0238e2662952007be57f06ce0f7062b6cad4c7337841d0de5ca54f956ae0b7cd5fbf4ab2a3c1370a5f38b0227c30865980d03d1bbe12e4c0e263');
INSERT INTO `student` VALUES ('201802011075', '花健', '男', 15, '文学大院', '5688b71a0ff457747add1e7bf2f530832b7083643db7ea0600d6e374312255351ac49f75eb5442a1c77482178170c248fc6272dff59892de82085985873bb70b');
INSERT INTO `student` VALUES ('201802011076', '岳婕淑', '女', 24, '文学大院', 'c7266e9fafdcea4220275d8f68a84e64660567dcd2f12b41c975524b7e8a1c2fb83ee128ce3ac2431827569d16a18e65bce8647a53f6e8e95252658eaab472b6');
INSERT INTO `student` VALUES ('201802011077', '娄素颖', '女', 15, '文学大院', 'bb6373662b286d976e1e00493b1cb467b0625da5769e699a2a351e8dbbe281654c8d22abd4721a2e9a0a5341b82c0305521a992bd37f6dcad7230ef086f0a369');
INSERT INTO `student` VALUES ('201802011078', '胡炎有', '男', 15, '文学大院', '1d21c839baaf455c8b62313f2e5d49b68816a4f1d2f2afb5be17c6231817eeedfd142c6667a3192e7c1c17db1ac6ebb0a774ee1e101b76f0522fa76c12969fbf');
INSERT INTO `student` VALUES ('201802011079', '于宁倩', '女', 20, '文学大院', '7eca6d1e743515041cd5074eb54773024869624ef2e46feede22844f84789dfd714ce8df7e3dcc42232d7ca39bbb99485b3ec41006cfa2f75eade486d05b0fc2');
INSERT INTO `student` VALUES ('201802011080', '谯山军', '男', 18, '文学大院', 'ab7eb7af1a01e6a4f0f4b50064bf900847b54e00288b7e0385ca6bfbb727b8d5207c14dab378f052bb2efa774d55ddec3f51709c2ef4c1803c9771100df613b0');
INSERT INTO `student` VALUES ('201802011081', '康先子', '男', 16, '文学大院', 'aba7aee9f07e189f32e83eab6f4f3f461c65d017be211aa5ad190496cdc1483d34d065c394604f7a7f0ffeeb364512e7b5c8f23e7b0bfb455d3ee92ee59034d2');
INSERT INTO `student` VALUES ('201802011082', '房凝', '女', 24, '文学大院', '98fe8245f5da74a96efe044c1f6557146d57cb6ee89c2f581a39898ab3114cd8c0af21cc8d9ba5af01462ddba888169445b904f46a331f093e9b0d737f3366b7');
INSERT INTO `student` VALUES ('201802011083', '姚德宏', '男', 16, '文学大院', 'f9df2f8f8d3780043071e7e33f95dba4e232ff8b93d0bddec38001a11a7590f47886be13c4f5cfb99016e528750fa6c42083c4061f7affe2b8b62342985f8a0c');
INSERT INTO `student` VALUES ('201802011084', '宗朗', '男', 21, '文学大院', '82b9837f1027ca1c89f946bf724544205678477f345792ef744af3a52d8f61c5b9ac53cac016a679578852d4bc8c7300afa0d4b218ab8dc78f6161405f777e1d');
INSERT INTO `student` VALUES ('201802011085', '邹钧', '男', 15, '文学大院', '4f2339f9e56db16e270cc20e6dc6c7c22011e3cf3f419ac32b2ef93a39c06395b49075e026452d4e34cd63d798c0c974568080d9fe95e621dd3c8e7d1044af13');
INSERT INTO `student` VALUES ('201802011086', '弘柔枫', '女', 22, '文学大院', 'ed7b459a19d4c0da0ca04b06cd10e7a37ed540832ed013a846173cea2b011d395dbc859ae06750ba66e1ebef97cee7ea5aa3f95d5f871dd4233514843bc20f31');
INSERT INTO `student` VALUES ('201802011087', '石和', '男', 23, '文学大院', '53df865eada31ad391873bb420e477503a47d6aa3e1f792feb570eff6947e5ae860f3a61c65f713be15e4fca672e4c13a56bcc46aaa7cbd1b1d80d859026cc56');
INSERT INTO `student` VALUES ('201802011088', '粱伦敬', '男', 15, '文学大院', '317e36725fa7caffe0828e56387fb7e2484e06dec1040e242a3f486f4287c3131ce28ebf225a5aaa47bbb56fc80c14b48dd8cc55acbac1b8f14358525ffdfebd');
INSERT INTO `student` VALUES ('201802011089', '宋俊琛', '男', 24, '文学大院', '2bff837cc85df986992552e3541b5afedeb08198a4b597f06fd54a73e72f5adbf4f386bc16acdff8d32343611dc1fa21c9279b85271ed23d1a6cb76500542651');
INSERT INTO `student` VALUES ('201802011090', '郁彩茗', '女', 25, '文学大院', '7f90cf76c48eabbf5bdc7d1717e0716fb238cf01bf4b7507b2d33749830ce211ee8600e97019fb443de0a7a1fd9c3a006fe005fb6523f3cf24fc365972f14dd5');
INSERT INTO `student` VALUES ('201802011091', '厉宜', '女', 25, '文学大院', 'b724faa842b1dcf109f709e546d02bf92453f18ada61fe18b9b6416dec28a83454b39a76e7780138add15c489bfe05ec04c3716f9881e35b1bd9064a4d7aa8a5');
INSERT INTO `student` VALUES ('201802011092', '白楠', '男', 23, '文学大院', '8cb2d89a4ee20e580446ae7daa0c80e28a321e92e1474d982ef5247066e7f74fd69ab532ac66ca52ecc023874e674a1318e89f56bff6cbd6b9329b07844db5d9');
INSERT INTO `student` VALUES ('201802011093', '祝云', '女', 20, '文学大院', '4450d02973d6a5e8212f311934d3f7f9ec7574989bbd1154d7e1e289f6c8be3adfac9c843988011a38181978800ec5a754a0ec73cdabc866988d2745ac6d169c');
INSERT INTO `student` VALUES ('201802011094', '梅翔', '男', 25, '文学大院', '895c6876d9096922f143753254891f548aa561f1294d634a12c73d7f802604d6bf5ccc20bfc22ef9d02a2bdf54486f7a23bf16a8a5dd291d4cddfec888bed477');
INSERT INTO `student` VALUES ('201802011095', '余月园', '女', 23, '文学大院', '05d7413787b6a03bab204169eacefe78e82c09150280f01ffb167b9d90652e21b9719abf6df29f011e29787bdfd0833fc73ce5fed407cbc097047ddc0830dd76');
INSERT INTO `student` VALUES ('201802011096', '凤姣菲', '女', 15, '文学大院', '999406c04cfe2436b12c9a85e6ee1ffc404b2a10a3ba7cbcd5c861188df2711f9b911c3a5c3045aab699b9ec25cb473aeb5b8910d84922d5612c60b1ab99f457');
INSERT INTO `student` VALUES ('201802011097', '衡克伯', '男', 23, '文学大院', 'dbe10de9aba7e3358b57329d6feb324ffe6a2872e74c9b45c025fbd88ea1e14af5871cb927ab5531823a0bf26a8be321e0a09bdf16d584581e9fb36335102358');
INSERT INTO `student` VALUES ('201802011098', '姚丽', '女', 17, '文学大院', '67d1923087260e35ceb6e26c6435a434668fc990ea5c533a1472cec91c4bb752612446e4145ba79720954e51c46cc51e48820dfd0704f878c689a2ed399d4fb4');
INSERT INTO `student` VALUES ('201802011099', '厍震健', '男', 20, '文学大院', '7ecf2043491cb82c63b877d39fae78e0cf1e8fecfa926c0585a146073f97d3e1190d1229a65790ae9cbf460ed2b6eb0e35c1c5dcad955012f79d8da7b3f712f2');
INSERT INTO `student` VALUES ('201802011100', '甫桂翠', '女', 15, '文学大院', '65e0f34ae490fb7afc4da92cc2535a44423732bcd005c8ab890e9ae33e4d1becca93c37436f8b7578dbaf32010e204c514d50778f244b9a9ba7ea5e58dbceae6');

-- ----------------------------
-- Table structure for teacher
-- ----------------------------
DROP TABLE IF EXISTS `teacher`;
CREATE TABLE `teacher`  (
  `tno` char(8) CHARACTER SET utf8 COLLATE utf8_general_ci NOT NULL DEFAULT '',
  `tname` varchar(8) CHARACTER SET utf8 COLLATE utf8_general_ci NOT NULL,
  `tsex` char(1) CHARACTER SET utf8 COLLATE utf8_general_ci NOT NULL,
  `tage` int(4) NOT NULL,
  `teb` varchar(10) CHARACTER SET utf8 COLLATE utf8_general_ci NOT NULL,
  `tpt` varchar(10) CHARACTER SET utf8 COLLATE utf8_general_ci NOT NULL,
  `cno1` char(6) CHARACTER SET utf8 COLLATE utf8_general_ci NULL DEFAULT NULL,
  `cno2` char(6) CHARACTER SET utf8 COLLATE utf8_general_ci NULL DEFAULT NULL,
  `cno3` char(6) CHARACTER SET utf8 COLLATE utf8_general_ci NULL DEFAULT NULL,
  `password` varchar(128) CHARACTER SET utf8 COLLATE utf8_general_ci NOT NULL,
  PRIMARY KEY (`tno`) USING BTREE,
  INDEX `FK_teacher_coures`(`cno1`) USING BTREE,
  INDEX `FK_teacher_coures1`(`cno2`) USING BTREE,
  INDEX `FK_teacher_coures2`(`cno3`) USING BTREE,
  INDEX `tname`(`tname`) USING BTREE,
  CONSTRAINT `FK_teacher_coures` FOREIGN KEY (`cno1`) REFERENCES `course` (`cno`) ON DELETE CASCADE ON UPDATE CASCADE,
  CONSTRAINT `FK_teacher_coures1` FOREIGN KEY (`cno2`) REFERENCES `course` (`cno`) ON DELETE CASCADE ON UPDATE CASCADE,
  CONSTRAINT `FK_teacher_coures2` FOREIGN KEY (`cno3`) REFERENCES `course` (`cno`) ON DELETE CASCADE ON UPDATE CASCADE
) ENGINE = InnoDB CHARACTER SET = utf8 COLLATE = utf8_general_ci ROW_FORMAT = Dynamic;

-- ----------------------------
-- Records of teacher
-- ----------------------------
INSERT INTO `teacher` VALUES ('10011001', '陈胜', '男', 26, '硕士', '副教授', '1', '2', '3', 'a502b324b85b3191ae2bccbd938f91e90ef792e68cf37efc5d291986f36170fcd258490a9979d11e7a5d7c81678e8ffc09d0c6fec0df23bab672b0688d1d200f');
INSERT INTO `teacher` VALUES ('10011002', 'dva', '女', 24, '博士', '教授', '1', '0', '0', '5eb2772de17e0b7c12700383e3a430175dfd7579f7365eca39883eb72dd417ac523b01782c88ba5cf5a87d496b98ab144d264eceaae42bbe3cd21ea053cbe0b3');
INSERT INTO `teacher` VALUES ('10011003', '王大夜', '男', 55, '博士', '教授', '2', '1', '0', 'beaebdb743057460798100e607f4bab1067cbf5ea002557bcf41e99051f6247bbb59c4c76abaf2b0544bc956b80089df60a87c02dead5f1b6b8beb7ab77f2ebf');

-- ----------------------------
-- Procedure structure for aaaa
-- ----------------------------
DROP PROCEDURE IF EXISTS `aaaa`;
delimiter ;;
CREATE PROCEDURE `aaaa`(in `a` INT(4) ,out `c` INT(4))
BEGIN
set c = a + 1;
END
;;
delimiter ;

SET FOREIGN_KEY_CHECKS = 1;
